{
  "project_info": {
    "project_number": "909005082053",
    "project_id": "building-management-c7f83",
    "storage_bucket": "building-management-c7f83.appspot.com"
  },
  "client": [
    {
      "client_info": {
        "mobilesdk_app_id": "1:909005082053:android:fe43e663cf5d2503248fac",
        "android_client_info": {
          "package_name": "com.fixer.fixer"
        }
      },
      "oauth_client": [],
      "api_key": [
        {
          "current_key": "AIzaSyAmQov0EjYNdFNR8Vvh6Plaeb0uzSVnqLw"
        }
      ],
      "services": {
        "appinvite_service": {
          "other_platform_oauth_client": []
        }
      }
    }
  ],
  "configuration_version": "1"
}